Wall time,Step,Value
1692110049.7446308,127,64.0
1692111141.1560028,255,68.0
1692112255.279028,383,64.0
1692113371.8270662,511,48.0
1692114341.823901,639,76.0
1692115303.7960262,767,50.0
1692116336.0094082,895,64.0
1692117336.5502048,1023,50.0
1692118319.7192469,1151,62.0
1692119485.6775606,1279,84.0
1692120701.4432685,1407,52.0
1692121685.061958,1535,86.0
1692122644.7873404,1663,74.0
1692123596.941732,1791,74.0
1692124541.980096,1919,94.0
1692125481.956228,2047,84.0
