Wall time,Step,Value
1692093285.5884821,127,56.0
1692094486.2778895,255,62.0
1692095540.6142895,383,80.0
1692096503.5555687,511,52.0
1692097472.259728,639,66.0
1692098451.2690806,767,62.0
1692099420.0319662,895,32.0
1692100396.2643466,1023,62.0
1692101354.56914,1151,58.0
1692102332.5647962,1279,80.0
1692103366.3476183,1407,46.0
1692104385.2046108,1535,60.0
1692105367.9502015,1663,78.0
1692106329.2767637,1791,82.0
1692107316.9973996,1919,58.0
1692108307.9465759,2047,94.0
