Wall time,Step,Value
1692093286.0917716,127,42.0
1692094489.6311734,255,76.0
1692095560.9740942,383,12.0
1692096552.8162615,511,34.0
1692097533.039723,639,38.0
1692098541.70521,767,60.0
1692099519.0912075,895,50.0
1692100503.585348,1023,36.0
1692101471.0247157,1151,64.0
1692102472.9178143,1279,66.0
1692103540.3191178,1407,64.0
1692104570.203317,1535,74.0
1692105569.34311,1663,58.0
1692106538.1641114,1791,50.0
1692107549.7377253,1919,68.0
1692108552.2054265,2047,54.0
