Wall time,Step,Value
1692093281.2582402,127,2.0
1692094428.1528249,255,36.0
1692095447.7334533,383,84.0
1692096420.3707023,511,68.0
1692097382.9855576,639,26.0
1692098358.7150762,767,66.0
1692099323.7862957,895,92.0
1692100292.734622,1023,56.0
1692101247.4975145,1151,76.0
1692102214.012342,1279,78.0
1692103236.1721718,1407,64.0
1692104262.6771307,1535,66.0
1692105235.1959386,1663,56.0
1692106200.0653968,1791,74.0
1692107183.2692053,1919,76.0
1692108167.6853383,2047,74.0
