Wall time,Step,Value
1692126849.962237,127,74.0
1692127725.4130576,255,56.0
1692128599.8237236,383,64.0
1692129477.4374278,511,56.0
1692130364.4010286,639,60.0
1692131251.157707,767,70.0
1692132113.095284,895,64.0
1692132979.5753922,1023,84.0
1692133841.0815673,1151,78.0
1692134700.5256796,1279,72.0
1692135567.4531994,1407,86.0
1692136427.9184647,1535,92.0
1692137292.9805202,1663,82.0
1692138164.160984,1791,92.0
1692139027.3975747,1919,76.0
1692139888.2573159,2047,88.0
