Wall time,Step,Value
1692166736.1100984,127,0.38453638553619385
1692168090.2484477,255,0.35985347628593445
1692169349.1802282,383,0.3571658134460449
1692170612.0495315,511,0.3548678159713745
1692171846.6025023,639,0.3544824719429016
1692173071.1817477,767,0.3510221242904663
1692174298.937851,895,0.34841054677963257
1692175523.4664867,1023,0.3469601273536682
1692176742.3015382,1151,0.3442839980125427
1692177967.3995779,1279,0.341591477394104
1692179193.6313767,1407,0.3385339379310608
1692180469.5331666,1535,0.33536484837532043
1692181750.9211574,1663,0.33330023288726807
1692183026.6955125,1791,0.3292175233364105
1692184312.1046848,1919,0.32614243030548096
1692185579.3513603,2047,0.32289648056030273
