Wall time,Step,Value
1692146122.0946894,127,58.0
1692147352.6991177,255,32.0
1692148581.022176,383,54.0
1692149824.2154381,511,44.0
1692151040.2463913,639,54.0
1692152255.8068287,767,70.0
1692153556.4463406,895,32.0
1692154895.3733816,1023,52.0
1692156131.6212468,1151,46.0
1692157368.6278453,1279,80.0
1692158587.286605,1407,82.0
1692159809.0265722,1535,54.0
1692161029.9990036,1663,86.0
1692162261.9130676,1791,78.0
1692163509.7344813,1919,92.0
1692164763.5953667,2047,92.0
