Wall time,Step,Value
1692188572.7095993,127,40.0
1692189674.4863234,255,26.0
1692190772.8448696,383,58.0
1692191875.5299845,511,66.0
1692192980.2194982,639,72.0
1692194106.4109845,767,60.0
1692195230.5061576,895,50.0
1692196375.3921437,1023,80.0
1692197506.4761415,1151,40.0
1692198626.3420432,1279,70.0
1692199765.9150324,1407,40.0
1692200915.3740695,1535,66.0
1692202054.773866,1663,58.0
1692203185.5410151,1791,78.0
1692204313.9461699,1919,76.0
1692205451.3630207,2047,82.0
