Wall time,Step,Value
1692166729.9666972,127,70.0
1692168081.2904315,255,48.0
1692169336.3013554,383,60.0
1692170581.634845,511,52.0
1692171813.9970937,639,44.0
1692173065.3682916,767,64.0
1692174307.2007685,895,60.0
1692175538.6464565,1023,70.0
1692176783.098329,1151,60.0
1692178009.3415377,1279,76.0
1692179250.1850698,1407,102.0
1692180534.6319547,1535,72.0
1692181814.2388673,1663,108.0
1692183101.887232,1791,92.0
1692184397.0709045,1919,86.0
1692185663.77498,2047,82.0
