Wall time,Step,Value
1692188609.678184,127,50.0
1692189747.5220442,255,66.0
1692190857.287159,383,58.0
1692191972.421396,511,72.0
1692193088.6977365,639,66.0
1692194202.1975138,767,80.0
1692195317.3413842,895,64.0
1692196444.7818913,1023,80.0
1692197563.7719169,1151,94.0
1692198681.416858,1279,70.0
1692199801.4154685,1407,92.0
1692200947.451296,1535,92.0
1692202096.0035353,1663,88.0
1692203248.4610753,1791,92.0
1692204402.639813,1919,70.0
1692205558.2831166,2047,108.0
