Wall time,Step,Value
1692166736.0867333,127,14.0
1692168087.7311072,255,24.0
1692169349.3580415,383,42.0
1692170600.741454,511,32.0
1692171817.0330672,639,78.0
1692173041.0427682,767,26.0
1692174262.052711,895,40.0
1692175475.7214696,1023,60.0
1692176690.6463916,1151,34.0
1692177905.1832788,1279,68.0
1692179130.7482882,1407,72.0
1692180386.5075402,1535,62.0
1692181658.15063,1663,64.0
1692182932.5076637,1791,82.0
1692184205.4171326,1919,90.0
1692185469.6683407,2047,78.0
