Wall time,Step,Value
1692166736.110075,127,72.0
1692168090.2484143,255,76.0
1692169349.180209,383,52.0
1692170612.0494912,511,68.0
1692171846.602483,639,62.0
1692173071.1817255,767,86.0
1692174298.9378307,895,78.0
1692175523.4664674,1023,70.0
1692176742.3015187,1151,72.0
1692177967.3995578,1279,72.0
1692179193.6313586,1407,60.0
1692180469.5331423,1535,84.0
1692181750.9211383,1663,78.0
1692183026.6954932,1791,80.0
1692184312.1046655,1919,88.0
1692185579.351341,2047,92.0
