Wall time,Step,Value
1692166773.547454,127,80.0
1692168167.4771814,255,60.0
1692169442.9667785,383,44.0
1692170692.1284826,511,82.0
1692171951.116975,639,70.0
1692173205.018251,767,64.0
1692174443.4747338,895,66.0
1692175700.6737244,1023,72.0
1692176944.268339,1151,64.0
1692178199.9617643,1279,94.0
1692179458.7890568,1407,78.0
1692180789.1272588,1535,100.0
1692182078.5034094,1663,88.0
1692183389.975288,1791,88.0
1692184707.2966268,1919,94.0
1692185950.2075696,2047,90.0
