Wall time,Step,Value
1692146134.3510256,127,56.0
1692147358.9125364,255,38.0
1692148582.0936887,383,42.0
1692149809.633371,511,34.0
1692151035.852337,639,44.0
1692152258.6492884,767,70.0
1692153552.0596385,895,58.0
1692154871.3782136,1023,64.0
1692156088.3714845,1151,54.0
1692157316.3312197,1279,26.0
1692158543.6489618,1407,44.0
1692159766.8861263,1535,60.0
1692160978.6901782,1663,52.0
1692162201.596364,1791,80.0
1692163439.1055708,1919,70.0
1692164671.2604177,2047,82.0
