Wall time,Step,Value
1692110105.1927726,127,0.3894413113594055
1692111229.115043,255,0.3627971410751343
1692112332.0420337,383,0.359100878238678
1692113376.2713256,511,0.3581629693508148
1692114383.8764377,639,0.3553694486618042
1692115444.091628,767,0.3539094626903534
1692116461.8779478,895,0.35207584500312805
1692117510.7576845,1023,0.34958571195602417
1692118636.914263,1151,0.34785935282707214
1692119897.7243474,1279,0.34562796354293823
1692120910.9721951,1407,0.3427431285381317
1692121890.4411628,1535,0.33937814831733704
1692122861.1430323,1663,0.33645007014274597
1692123824.3598917,1791,0.33408620953559875
1692124789.778469,1919,0.33095672726631165
1692125721.0410101,2047,0.32655322551727295
